{
  "project_info": {
    "project_number": "1033536276295",
    "firebase_url": "https://inclass13-a3dbe.firebaseio.com",
    "project_id": "inclass13-a3dbe",
    "storage_bucket": "inclass13-a3dbe.appspot.com"
  },
  "client": [
    {
      "client_info": {
        "mobilesdk_app_id": "1:1033536276295:android:77f0869cb86a6305",
        "android_client_info": {
          "package_name": "com.example.akshay.inclass13"
        }
      },
      "oauth_client": [
        {
          "client_id": "1033536276295-5a0d8heshqcdkh6lc0f6ffs79245iqcb.apps.googleusercontent.com",
          "client_type": 1,
          "android_info": {
            "package_name": "com.example.akshay.inclass13",
            "certificate_hash": "914bcced953a7e4fec65810fb601d32be00b5803"
          }
        },
        {
          "client_id": "1033536276295-7vb6hgjkb99tj0vh11bc2kntivbjolbg.apps.googleusercontent.com",
          "client_type": 3
        }
      ],
      "api_key": [
        {
          "current_key": "AIzaSyAOFHiDWRFAPuArsPKxlMbjGY6hA2xx4Eg"
        }
      ],
      "services": {
        "analytics_service": {
          "status": 1
        },
        "appinvite_service": {
          "status": 2,
          "other_platform_oauth_client": [
            {
              "client_id": "1033536276295-7vb6hgjkb99tj0vh11bc2kntivbjolbg.apps.googleusercontent.com",
              "client_type": 3
            }
          ]
        },
        "ads_service": {
          "status": 2
        }
      }
    }
  ],
  "configuration_version": "1"
}